,Phone Name,Rating,Price,Memory,Display,Camera,Battery
0,"Samsung Galaxy F06 5G (Bahama Blue, 128 GB)",4.1,"₹8,499",4 GB RAM | 128 GB ROM | Expandable Upto 1500 GB,17.02 cm (6.7 inch) HD+ Display,50MP + 2MP | 8MP Front Camera,5000 mAh Battery
1,"vivo T4x 5G (Pronto Purple, 128 GB)",4.5,"₹14,999",8 GB RAM | 128 GB ROM,17.07 cm (6.72 inch) Display,50MP + 2MP | 8MP Front Camera,6500 mAh Battery
2,"Motorola g45 5G (Brilliant Blue, 128 GB)",4.3,"₹11,999",8 GB RAM | 128 GB ROM | Expandable Upto 1 TB,16.51 cm (6.5 inch) HD+ Display,50MP + 2MP | 16MP Front Camera,5000 mAh Battery
3,"POCO M7 5G (Mint Green, 128 GB)",4.1,"₹9,499",6 GB RAM | 128 GB ROM | Expandable Upto 1 TB,17.48 cm (6.88 inch) HD+ Display,50MP Rear Camera | 8MP Front Camera,5160 mAh Battery
4,"REDMI 13 5G (Orchid Pink, 128 GB)",4.3,"₹12,499",6 GB RAM | 128 GB ROM | Expandable Upto 1 TB,17.25 cm (6.79 inch) Full HD+ Display,108MP + 2MP | 13MP Front Camera,5030 mAh Lithium Polymer Battery
5,"CMF by Nothing Phone 2 Pro (White, 128 GB)",4.4,"₹18,999",8 GB RAM | 128 GB ROM | Expandable Upto 2 TB,17.2 cm (6.77 inch) Display,50MP + 50MP + 8MP | 16MP Front Camera,5000 mAh Battery
6,"Samsung Galaxy F06 5G (Bahama Blue, 64 GB)",4.1,"₹7,999",4 GB RAM | 64 GB ROM | Expandable Upto 1500 GB,17.02 cm (6.7 inch) HD+ Display,50MP + 2MP | 8MP Front Camera,5000 mAh Battery
7,"POCO C71 (Power Black, 128 GB)",4.1,"₹6,999",6 GB RAM | 128 GB ROM | Expandable Upto 2 TB,17.48 cm (6.88 inch) HD+ Display,32MP Rear Camera | 8MP Front Camera,5200 mAh Battery
8,"CMF by Nothing Phone 2 Pro (Light Green, 128 GB)",4.4,"₹18,999",8 GB RAM | 128 GB ROM | Expandable Upto 2 TB,17.2 cm (6.77 inch) Display,50MP + 50MP + 8MP | 16MP Front Camera,5000 mAh Battery
9,"OPPO K13 5G with 7000mAh and 80W SUPERVOOC Charger In-The-Box (Icy Purple, 128 GB)",4.5,"₹17,999",8 GB RAM | 128 GB ROM,16.94 cm (6.67 inch) Display,50MP + 2MP | 16MP Front Camera,7000 mAh Battery
10,"Motorola g45 5G (Pink Lavender, 128 GB)",4.3,"₹11,999",8 GB RAM | 128 GB ROM | Expandable Upto 1 TB,16.51 cm (6.5 inch) HD+ Display,50MP + 2MP | 16MP Front Camera,5000 mAh Battery
11,"POCO M7 Pro 5G (Lunar Dust, 128 GB)",4.3,"₹12,999",6 GB RAM | 128 GB ROM,16.94 cm (6.67 inch) Full HD+ Display,50MP + 2MP | 20MP Front Camera,5110 mAh Battery
12,"REDMI A3X (Midnight Black, 64 GB)",4.1,"₹5,999",3 GB RAM | 64 GB ROM | Expandable Upto 1 TB,17.04 cm (6.71 inch) HD+ Display,8MP Rear Camera | 5MP Front Camera,5000 mAh Battery
13,"Samsung Galaxy F16 5G (Bling Black, 128 GB)",4.2,"₹10,749",4 GB RAM | 128 GB ROM,16.91 cm (6.657 inch) Full HD+ Display,50MP + 5MP + 2MP | 13MP Front Camera,5000 mAh Battery
14,"Motorola g45 5G (Pink Lavender, 128 GB)",4.3,"₹10,999",4 GB RAM | 128 GB ROM | Expandable Upto 1 TB,16.51 cm (6.5 inch) HD+ Display,50MP + 2MP | 16MP Front Camera,5000 mAh Battery
15,"Samsung Galaxy F16 5G (Vibing Blue, 128 GB)",4.2,"₹10,749",4 GB RAM | 128 GB ROM,16.91 cm (6.657 inch) Full HD+ Display,50MP + 5MP + 2MP | 13MP Front Camera,5000 mAh Battery
16,"OPPO K13 5G with 7000mAh and 80W SUPERVOOC Charger In-The-Box (Prism Black, 256 GB)",4.5,"₹19,999",8 GB RAM | 256 GB ROM,16.94 cm (6.67 inch) Display,50MP + 2MP | 16MP Front Camera,7000 mAh Battery
17,"OPPO Reno 12 5G (Matte Brown, 256 GB)",4.4,"₹20,999",8 GB RAM | 256 GB ROM | Expandable Upto 1 TB,17.02 cm (6.7 inch) Full HD+ Display,50MP + 8MP + 2MP | 32MP Front Camera,5000 mAh Battery
18,"POCO M7 5G (Mint Green, 128 GB)",4.2,"₹10,499",8 GB RAM | 128 GB ROM | Expandable Upto 1 TB,17.48 cm (6.88 inch) HD+ Display,50MP Rear Camera | 8MP Front Camera,5160 mAh Battery
19,"CMF by Nothing Phone 1 (Light Green, 128 GB)",4.4,"₹15,999",6 GB RAM | 128 GB ROM | Expandable Upto 2 TB,16.94 cm (6.67 inch) Full HD+ Display,50MP + 2MP | 16MP Front Camera,5000 mAh Battery
20,"Motorola g45 5G (Brilliant Green, 128 GB)",4.3,"₹11,999",8 GB RAM | 128 GB ROM | Expandable Upto 1 TB,16.51 cm (6.5 inch) HD+ Display,50MP + 2MP | 16MP Front Camera,5000 mAh Battery
21,"MOTOROLA g35 5G (Midnight Black, 128 GB)",4.2,"₹9,999",4 GB RAM | 128 GB ROM | Expandable Upto 1 TB,17.07 cm (6.72 inch) Full HD+ Display,50MP + 8MP | 16MP Front Camera,5000 mAh Battery
22,"Infinix Note 50s 5G+ (Burgundy Red, 128 GB)",4.4,"₹15,999",8 GB RAM | 128 GB ROM,17.22 cm (6.78 inch) Full HD+ Display,64MP + 2MP | 13MP Front Camera,5500 mAh Battery
23,"IQOO Z10X 5G (Titanium, 128 GB)",4.4,"₹13,859",6 GB RAM | 128 GB ROM,17.02 cm (6.7 inch) Display,50MP Rear Camera,6500 mAh Battery
24,"REDMI 13 5G (Orchid Pink, 128 GB)",4.3,"₹13,999",8 GB RAM | 128 GB ROM | Expandable Upto 1 TB,17.25 cm (6.79 inch) Full HD+ Display,108MP + 2MP | 13MP Front Camera,5030 mAh Lithium Polymer Battery
25,"vivo T4x 5G (Marine Blue, 256 GB)",4.5,"₹16,999",8 GB RAM | 256 GB ROM,17.07 cm (6.72 inch) Display,50MP + 2MP | 8MP Front Camera,6500 mAh Battery
26,"POCO M7 5G (Ocean Blue, 128 GB)",4.1,"₹9,499",6 GB RAM | 128 GB ROM | Expandable Upto 1 TB,17.48 cm (6.88 inch) HD+ Display,50MP Rear Camera | 8MP Front Camera,5160 mAh Battery
27,Nokia 105 Classic with Charger,3.7,₹999,32 MB RAM | 32 MB ROM,4.5 cm (1.77 inch) Display,0MP Front Camera,800 mAh Battery
28,"REDMI 13 5G (Hawaiian Blue, 128 GB)",4.3,"₹12,100",6 GB RAM | 128 GB ROM,17.25 cm (6.79 inch) Full HD+ Display,108MP Rear Camera,5030 mAh Battery
29,"realme C61 (Marble Black, 128 GB)",4.3,"₹8,199",6 GB RAM | 128 GB ROM | Expandable Upto 2 TB,17.13 cm (6.745 inch) HD+ Display,32MP Rear Camera | 5MP Front Camera,5000 mAh Battery
30,"Samsung Galaxy F06 5G (Bahama Blue, 128 GB)",4.1,"₹9,799",6 GB RAM | 128 GB ROM | Expandable Upto 1500 GB,17.02 cm (6.7 inch) HD+ Display,50MP + 2MP | 8MP Front Camera,5000 mAh Battery
31,"realme P2 Pro 5G (Parrot Green, 128 GB)",4.4,"₹16,499",8 GB RAM | 128 GB ROM,17.02 cm (6.7 inch) Full HD+ Display,50MP + 8MP | 32MP Front Camera,5200 mAh Battery
32,"realme C61 (Marble Black, 64 GB)",4.3,"₹7,699",4 GB RAM | 64 GB ROM | Expandable Upto 2 TB,17.13 cm (6.745 inch) HD+ Display,32MP Rear Camera | 5MP Front Camera,5000 mAh Battery
33,Kechaoda A26_Pink,4,₹945,32 MB RAM | 16 GB ROM | Expandable Upto 32 MB,1.68 cm (0.66 inch) NA Display,0MP | 0MP Front Camera,800 mAh Battery
34,"POCO C71 (Desert Gold, 128 GB)",4.1,"₹6,999",6 GB RAM | 128 GB ROM | Expandable Upto 2 TB,17.48 cm (6.88 inch) HD+ Display,32MP Rear Camera | 8MP Front Camera,5200 mAh Battery
35,"POCO M6 Plus 5G (Misty Lavender, 128 GB)",4.2,"₹11,499",8 GB RAM | 128 GB ROM | Expandable Upto 1 TB,17.25 cm (6.79 inch) Full HD+ Display,108MP + 2MP | 13MP Front Camera,5030 mAh Battery
36,Nokia 105 Classic with Charger,3.7,₹989,32 MB RAM | 32 MB ROM,4.5 cm (1.77 inch) Display,0MP Front Camera,800 mAh Battery
37,Nokia 105 Classic with Charger,3.7,₹999,32 MB RAM | 32 MB ROM,4.5 cm (1.77 inch) Display,0MP Front Camera,800 mAh Battery
38,"realme Narzo N61 (Vyage Blue, 64 GB)",4.3,"₹7,298",4 GB RAM | 64 GB ROM,17.12 cm (6.74 inch) Display,32MP Rear Camera,5000 mAh Battery
39,"Samsung Galaxy F06 5G (Lit Violet, 128 GB)",4.1,"₹8,499",4 GB RAM | 128 GB ROM | Expandable Upto 1500 GB,17.02 cm (6.7 inch) HD+ Display,50MP + 2MP | 8MP Front Camera,5000 mAh Battery
40,"OnePlus 13R 5G (Nebula Noir, 512 GB)",4.5,"₹42,748",16 GB RAM | 512 GB ROM,17.22 cm (6.78 inch) Display,50MP Rear Camera,6000 mAh Battery
41,"REDMI 14C 5G (Stardust Purple, 64 GB)",4.2,"₹9,499",4 GB RAM | 64 GB ROM | Expandable Upto 1 TB,17.48 cm (6.88 inch) HD+ Display,50MP Rear Camera | 8MP Front Camera,5160 mAh Battery
42,"vivo T4x 5G (Marine Blue, 128 GB)",4.5,"₹14,999",8 GB RAM | 128 GB ROM,17.07 cm (6.72 inch) Display,50MP + 2MP | 8MP Front Camera,6500 mAh Battery
43,"REDMI A5 (Jaisalmer Gold, 64 GB)",4.3,"₹6,499",3 GB RAM | 64 GB ROM | Expandable Upto 2 TB,17.48 cm (6.88 inch) HD+ Display,32MP Rear Camera | 8MP Front Camera,5200 mAh Battery
44,"CMF by Nothing Phone 1 (Black, 128 GB)",4.4,"₹15,999",6 GB RAM | 128 GB ROM | Expandable Upto 2 TB,16.94 cm (6.67 inch) Full HD+ Display,50MP + 2MP | 16MP Front Camera,5000 mAh Battery
45,"IQOO Z10X 5G (Ultramarine, 128 GB)",4.4,"₹13,832",6 GB RAM | 128 GB ROM,17.02 cm (6.7 inch) Display,50MP Rear Camera,6500 mAh Battery
46,"Samsung Galaxy F16 5G (Glam Green, 128 GB)",4.2,"₹11,999",6 GB RAM | 128 GB ROM,16.91 cm (6.657 inch) Full HD+ Display,50MP + 5MP + 2MP | 13MP Front Camera,5000 mAh Battery
47,"Samsung Galaxy M35 5G (Thunder Grey, 128 GB)",4.4,"₹13,910",6 GB RAM | 128 GB ROM,16.76 cm (6.6 inch) Display,50MP Rear Camera,6000 mAh Battery
48,"Samsung Galaxy S24 5G (Cobalt Violet, 256 GB)",4.6,"₹52,999",8 GB RAM | 256 GB ROM,15.75 cm (6.2 inch) Full HD+ Display,50MP + 10MP + 12MP | 12MP Front Camera,4000 mAh Battery
49,Kechaoda A26,4,₹925,32 MB RAM | 32 MB ROM | Expandable Upto 16 GB,1.68 cm (0.66 inch) QVGA Display,0MP | 0MP Front Camera,800 mAh Battery
50,"Samsung Galaxy S24 5G (Amber Yellow, 128 GB)",4.6,"₹46,999",8 GB RAM | 128 GB ROM,15.75 cm (6.2 inch) Full HD+ Display,50MP + 10MP + 12MP | 12MP Front Camera,4000 mAh Battery
51,"Samsung M05 (Mint Green, 64 GB)",4.3,"₹6,849",4 GB RAM | 64 GB ROM,17.02 cm (6.7 inch) Display,50MP Rear Camera,5000 mAh Battery
52,LAVA A1 Josh BOL Keypad Mobile|1000 mAh Battery|Expandable Storage 32GB,4,₹988,4 MB RAM | 4 MB ROM | Expandable Upto 32 GB,4.5 cm (1.77 inch) Quarter QVGA Display,1000 mAh Battery,1 Year Manufacturer Replacement Guarantee for Phone and 6 months Replacement for Accessories in the Box
53,LAVA A1 Josh BOL Keypad Mobile|1000 mAh Battery|Expandable Storage 32GB,4,₹989,4 MB RAM | 4 MB ROM | Expandable Upto 32 GB,4.5 cm (1.77 inch) Quarter QVGA Display,1000 mAh Battery,1 Year Manufacturer Replacement Guarantee for Phone and 6 months Replacement for Accessories in the Box
54,"MOTOROLA Edge 60 Stylus (PANTONE Surf the Web, 256 GB)",4.3,"₹22,999",8 GB RAM | 256 GB ROM | Expandable Upto 1 TB,16.94 cm (6.67 inch) Display,50MP + 13MP | 32MP Front Camera,5000 mAh Battery
55,"MOTOROLA Edge 60 Pro (Pantone Sparkling Grape, 256 GB)",4.4,"₹29,999",8 GB RAM | 256 GB ROM,17.02 cm (6.7 inch) Display,50MP + 50MP + 10MP | 50MP Front Camera,6000 mAh Battery
56,"Motorola Edge 50 Fusion (Forest Green, 128 GB)",4.5,"₹18,999",8 GB RAM | 128 GB ROM,17.02 cm (6.7 inch) Full HD+ Display,50MP + 13MP | 32MP Front Camera,5000 mAh Battery
57,"MOTOROLA Edge 60 Pro (Pantone Shadow, 256 GB)",4.4,"₹29,999",8 GB RAM | 256 GB ROM,17.02 cm (6.7 inch) Display,50MP + 50MP + 10MP | 50MP Front Camera,6000 mAh Battery
58,"MOTOROLA g35 5G (Guava Red, 128 GB)",4.2,"₹9,999",4 GB RAM | 128 GB ROM | Expandable Upto 1 TB,17.07 cm (6.72 inch) Full HD+ Display,50MP + 8MP | 16MP Front Camera,5000 mAh Battery
59,"Samsung Galaxy M35 5G (DayBreak Blue, 128 GB)",4.4,"₹14,290",6 GB RAM | 128 GB ROM,16.76 cm (6.6 inch) Display,50MP Rear Camera,6000 mAh Battery
60,"Samsung Galaxy F16 5G (Bling Black, 128 GB)",4.2,"₹11,999",6 GB RAM | 128 GB ROM,16.91 cm (6.657 inch) Full HD+ Display,50MP + 5MP + 2MP | 13MP Front Camera,5000 mAh Battery
61,itel it2165s,4.1,₹879,4 MB RAM | 4 MB ROM | Expandable Upto 32 GB,5.08 cm (2 inch) QVGA Display,0.3MP Rear Camera,1200 mAh Battery
62,"Nothing Phone (3a) (Blue, 256 GB)",4.5,"₹26,999",8 GB RAM | 256 GB ROM,43.66 cm (17.19 cm) Full HD+ Display,50MP (Main) + 50MP (2X Tele Photo) + 8MP (Ultra-Wide) | 32MP Front Camera,5000 mAh Battery
63,"Nothing Phone (3a) (White, 256 GB)",4.5,"₹26,999",8 GB RAM | 256 GB ROM,43.66 cm (17.19 cm) Full HD+ Display,50MP (Main) + 50MP (2X Tele Photo) + 8MP (Ultra-Wide) | 32MP Front Camera,5000 mAh Battery
64,"Nothing Phone (3a) (Black, 128 GB)",4.5,"₹24,999",8 GB RAM | 128 GB ROM,43.66 cm (17.19 cm) Full HD+ Display,50MP (Main) + 50MP (2X Tele Photo) + 8MP (Ultra-Wide) | 32MP Front Camera,5000 mAh Battery
65,"Nothing Phone (3a) (White, 128 GB)",4.5,"₹24,999",8 GB RAM | 128 GB ROM,43.66 cm (17.19 cm) Full HD+ Display,50MP (Main) + 50MP (2X Tele Photo) + 8MP (Ultra-Wide) | 32MP Front Camera,5000 mAh Battery
66,"Nothing Phone (3a) (Black, 256 GB)",4.5,"₹26,999",8 GB RAM | 256 GB ROM,43.66 cm (17.19 cm) Full HD+ Display,50MP (Main) + 50MP (2X Tele Photo) + 8MP (Ultra-Wide) | 32MP Front Camera,5000 mAh Battery
67,"Nothing Phone (3a) (Blue, 128 GB)",4.5,"₹24,999",8 GB RAM | 128 GB ROM,43.66 cm (17.19 cm) Full HD+ Display,50MP (Main) + 50MP (2X Tele Photo) + 8MP (Ultra-Wide) | 32MP Front Camera,5000 mAh Battery
68,itel it2165s,4.1,₹879,4 MB RAM | 4 MB ROM | Expandable Upto 32 GB,5.08 cm (2 inch) QVGA Display,0.3MP Rear Camera,1200 mAh Battery
69,Kechaoda A26,4,₹945,32 MB RAM | 32 MB ROM | Expandable Upto 16 GB,1.68 cm (0.66 inch) QVGA Display,0MP | 0MP Front Camera,800 mAh Battery
70,Samsung Guru Music 2 B310ED,3.2,₹947,32 MB RAM | 32 MB ROM | Expandable Upto 100 MB,4.57 cm (1.8 inch) VGA Display,0MP | 0MP Front Camera,800 mAh Battery
71,"Samsung Galaxy A35 5G (Awesome Navy, 128 GB)",4.3,"₹19,999",8 GB RAM | 128 GB ROM | Expandable Upto 1 TB,16.76 cm (6.6 inch) Full HD+ Display,50MP + 8MP + 5MP | 13MP Front Camera,5000 mAh Battery
72,"realme P3 5G (Space Silver, 256 GB)",4.4,"₹18,499",8 GB RAM | 256 GB ROM | Expandable Upto 2 TB,16.94 cm (6.67 inch) Full HD+ Display,50MP + 2MP | 16MP Front Camera,6000 mAh Battery
73,"Motorola Edge 50 Fusion (Forest Blue, 256 GB)",4.4,"₹20,999",12 GB RAM | 256 GB ROM,17.02 cm (6.7 inch) Full HD+ Display,50MP + 13MP | 32MP Front Camera,5000 mAh Battery
74,"Samsung Galaxy A35 5G (Awesome Lilac, 256 GB)",4.3,"₹21,999",8 GB RAM | 256 GB ROM | Expandable Upto 1 TB,16.76 cm (6.6 inch) Full HD+ Display,50MP + 8MP + 5MP | 13MP Front Camera,5000 mAh Battery
75,itel it5330 | 2.8 inch Big Display | 1900 mAh Battery | Kingvoice,4.1,"₹1,349",32 MB RAM | 32 MB ROM | Expandable Upto 32 GB,7.11 cm (2.8 inch) Quarter QVGA Display,0.8MP + 0MP | 0MP Front Camera,1900 mAh Battery
76,itel it5330 | 2.8 inch Big Display | 1900 mAh Battery | Kingvoice,4.1,"₹1,349",32 MB RAM | 32 MB ROM | Expandable Upto 32 GB,7.11 cm (2.8 inch) Quarter QVGA Display,0.8MP + 0MP | 0MP Front Camera,1900 mAh Battery
77,itel it5330 | 2.8 inch Big Display | 1900 mAh Battery | Kingvoice,4.1,"₹1,349",32 MB RAM | 32 MB ROM | Expandable Upto 32 GB,7.11 cm (2.8 inch) Quarter QVGA Display,0.8MP + 0MP | 0MP Front Camera,1900 mAh Battery
78,"Apple iPhone 15 (Green, 128 GB)",4.6,"₹64,900",128 GB ROM,15.49 cm (6.1 inch) Super Retina XDR Display,48MP + 12MP | 12MP Front Camera,"A16 Bionic Chip, 6 Core Processor Processor"
79,"Samsung Galaxy F06 5G (Lit Violet, 128 GB)",4.1,"₹8,499",4 GB RAM | 128 GB ROM | Expandable Upto 1500 GB,17.02 cm (6.7 inch) HD+ Display,50MP + 2MP | 8MP Front Camera,5000 mAh Battery
80,Kechaoda K115,4.1,₹990,32 MB RAM | 32 MB ROM | Expandable Upto 32 GB,3.66 cm (1.44 inch) QVGA Display,0.3MP + 0MP | 0MP Front Camera,850 mAh Battery
81,"REDMI 13 5G (Orchid Pink, 128 GB)",4.3,"₹12,499",6 GB RAM | 128 GB ROM | Expandable Upto 1 TB,17.25 cm (6.79 inch) Full HD+ Display,108MP + 2MP | 13MP Front Camera,5030 mAh Lithium Polymer Battery
82,"Apple iPhone 16 (Black, 256 GB)",4.6,"₹79,999",256 GB ROM,15.49 cm (6.1 inch) Super Retina XDR Display,48MP + 12MP | 12MP Front Camera,"A18 Chip, 6 Core Processor Processor"
83,"MOTOROLA Edge 60 Pro (Pantone Shadow, 256 GB)",4.4,"₹33,999",12 GB RAM | 256 GB ROM,17.02 cm (6.7 inch) Display,50MP + 50MP + 10MP | 50MP Front Camera,6000 mAh Battery
84,"Samsung Galaxy A35 5G (Awesome Iceblue, 128 GB)",4.3,"₹19,999",8 GB RAM | 128 GB ROM | Expandable Upto 1 TB,16.76 cm (6.6 inch) Full HD+ Display,50MP + 8MP + 5MP | 13MP Front Camera,5000 mAh Battery
85,"POCO M7 5G (Mint Green, 128 GB)",4.2,"₹10,499",8 GB RAM | 128 GB ROM | Expandable Upto 1 TB,17.48 cm (6.88 inch) HD+ Display,50MP Rear Camera | 8MP Front Camera,5160 mAh Battery
86,Kechaoda K115,4.1,₹995,32 MB RAM | 32 MB ROM | Expandable Upto 16 GB,3.66 cm (1.44 inch) QVGA Display,0.3MP + 0MP | 0MP Front Camera,850 mAh Battery
87,"Motorola g64 5G (Pearl Blue, 128 GB)",4.3,"₹13,999",8 GB RAM | 128 GB ROM | Expandable Upto 1 TB,16.51 cm (6.5 inch) Full HD+ Display,50MP (OIS) + 8MP | 16MP Front Camera,6000 mAh Battery
88,Kechaoda A26,4,₹892,32 MB RAM | 32 MB ROM | Expandable Upto 16 GB,1.68 cm (0.66 inch) Display,800 mAh Battery,NO WARRANTY
89,"realme C63 5G Charger in the Box (Starry Gold, 128 GB)",4.5,"₹10,999",8 GB RAM | 128 GB ROM | Expandable Upto 2 TB,16.94 cm (6.67 inch) HD+ Display,32MP Rear Camera | 8MP Front Camera,5000 mAh Battery
90,"realme C63 5G Charger in the Box (Starry Gold, 128 GB)",4.5,"₹10,999",6 GB RAM | 128 GB ROM | Expandable Upto 2 TB,16.94 cm (6.67 inch) HD+ Display,32MP Rear Camera | 8MP Front Camera,5000 mAh Battery
91,"POCO M7 5G (Satin Black, 128 GB)",4.1,"₹9,499",6 GB RAM | 128 GB ROM | Expandable Upto 1 TB,17.48 cm (6.88 inch) HD+ Display,50MP Rear Camera | 8MP Front Camera,5160 mAh Battery
92,"Motorola g45 5G (Pink Lavender, 128 GB)",4.3,"₹10,999",4 GB RAM | 128 GB ROM | Expandable Upto 1 TB,16.51 cm (6.5 inch) HD+ Display,50MP + 2MP | 16MP Front Camera,5000 mAh Battery
93,"Samsung Galaxy F16 5G (Glam Green, 128 GB)",4.2,"₹11,999",6 GB RAM | 128 GB ROM,16.91 cm (6.657 inch) Full HD+ Display,50MP + 5MP + 2MP | 13MP Front Camera,5000 mAh Battery
94,"REDMI A3X (Ocean Green, 64 GB)",4.1,"₹5,999",3 GB RAM | 64 GB ROM | Expandable Upto 1 TB,17.04 cm (6.71 inch) HD+ Display,8MP Rear Camera | 5MP Front Camera,5000 mAh Battery
95,"REDMI 13 5G (Orchid Pink, 128 GB)",4.3,"₹12,002",6 GB RAM | 128 GB ROM,17.25 cm (6.79 inch) Full HD+ Display,108MP Rear Camera,5030 mAh Battery
96,"Infinix Note 50s 5G+ (Titanium Grey, 128 GB)",4.4,"₹15,999",8 GB RAM | 128 GB ROM,17.22 cm (6.78 inch) Full HD+ Display,64MP + 2MP | 13MP Front Camera,5500 mAh Battery
97,"Infinix Note 50s 5G+ (Marine Drift, 256 GB)",4.4,"₹17,999",8 GB RAM | 256 GB ROM,17.22 cm (6.78 inch) Full HD+ Display,64MP + 2MP | 13MP Front Camera,5500 mAh Battery
98,"Infinix Note 50s 5G+ (Burgundy Red, 128 GB)",4.4,"₹15,999",8 GB RAM | 128 GB ROM,17.22 cm (6.78 inch) Full HD+ Display,64MP + 2MP | 13MP Front Camera,5500 mAh Battery
99,"REDMI 13 5G (Hawaiian Blue, 128 GB)",4.3,"₹12,100",6 GB RAM | 128 GB ROM,17.25 cm (6.79 inch) Full HD+ Display,108MP Rear Camera,5030 mAh Battery
100,"realme C63 5G Charger in the Box (Forest Green, 128 GB)",4.4,"₹10,999",4 GB RAM | 128 GB ROM | Expandable Upto 2 TB,16.94 cm (6.67 inch) HD+ Display,32MP Rear Camera | 8MP Front Camera,5000 mAh Battery
101,"Tecno Pova 6 Neo 5G (Midnight Shadow, 128 GB)",4.3,"₹11,999",6 GB RAM | 128 GB ROM | Expandable Upto 1 TB,16.94 cm (6.67 inch) Display,108MP Rear Camera | 8MP Front Camera,5000 mAh Battery
102,Kechaoda K115,4.1,₹998,32 MB RAM | 32 MB ROM | Expandable Upto 32 GB,3.66 cm (1.44 inch) QVGA Display,0.3MP + 0MP | 0MP Front Camera,850 mAh Battery
103,Kechaoda K115,4.1,₹999,32 MB RAM | 32 MB ROM | Expandable Upto 32 GB,3.66 cm (1.44 inch) QVGA Display,0.3MP + 0MP | 0MP Front Camera,850 mAh Battery
104,Kechaoda K115,4.1,₹998,32 MB RAM | 32 MB ROM | Expandable Upto 32 GB,3.66 cm (1.44 inch) QVGA Display,0.3MP + 0MP | 0MP Front Camera,850 mAh Battery
105,Kechaoda K115,4.1,₹998,32 MB RAM | 32 MB ROM | Expandable Upto 32 GB,3.66 cm (1.44 inch) QVGA Display,0.3MP + 0MP | 0MP Front Camera,850 mAh Battery
106,Kechaoda K115,4.1,"₹1,020",32 MB RAM | 32 MB ROM | Expandable Upto 32 GB,3.66 cm (1.44 inch) QVGA Display,0.3MP + 0MP | 0MP Front Camera,850 mAh Battery
107,"OnePlus Nord CE4 lite 5G (SUPER SILVER, 128 GB)",4.4,"₹17,172",8 GB RAM | 128 GB ROM,16.94 cm (6.67 inch) Display,50MP Rear Camera,5500 mAh Battery
108,"REDMI 13 5G (Orchid Pink, 128 GB)",4.3,"₹13,744",8 GB RAM | 128 GB ROM,17.25 cm (6.79 inch) Full HD+ Display,108MP Rear Camera,5030 mAh Battery
109,"realme C63 5G Charger in the Box (Forest Green, 128 GB)",4.5,"₹11,499",8 GB RAM | 128 GB ROM | Expandable Upto 2 TB,16.94 cm (6.67 inch) HD+ Display,32MP Rear Camera | 8MP Front Camera,5000 mAh Battery
110,"OnePlus Nord CE4 lite 5G (ULTRA ORANGE, 128 GB)",4.4,"₹16,888",8 GB RAM | 128 GB ROM,16.94 cm (6.67 inch) Display,50MP Rear Camera,5500 mAh Battery
111,itel Keypad Mobile | 2.4 inch Display| Type C Charging,4.1,"₹1,069",4 MB RAM | 4 MB ROM,6.1 cm (2.4 inch) Display,0.3MP Rear Camera,1200 mAh Battery
112,"Samsung Galaxy S24 FE 5G (Graphite, 128 GB)",4.5,"₹35,999",8 GB RAM | 128 GB ROM,17.02 cm (6.7 inch) Full HD+ Display,50MP + 12MP | 10MP Front Camera,4700 mAh Battery
113,"Samsung Galaxy S24 FE 5G (Mint, 256 GB)",4.5,"₹41,999",8 GB RAM | 256 GB ROM,17.02 cm (6.7 inch) Full HD+ Display,50MP + 12MP | 10MP Front Camera,4700 mAh Battery
114,"Motorola g64 5G (Berry Red, 256 GB)",4.2,"₹15,999",12 GB RAM | 256 GB ROM | Expandable Upto 1 TB,16.51 cm (6.5 inch) Full HD+ Display,50MP (OIS) + 8MP | 16MP Front Camera,6000 mAh Battery
115,"Samsung Galaxy S24 FE 5G (Mint, 128 GB)",4.5,"₹35,999",8 GB RAM | 128 GB ROM,17.02 cm (6.7 inch) Full HD+ Display,50MP + 12MP | 10MP Front Camera,4700 mAh Battery
116,"realme C63 5G Charger in the Box (Forest Green, 128 GB)",4.5,"₹10,999",6 GB RAM | 128 GB ROM | Expandable Upto 2 TB,16.94 cm (6.67 inch) HD+ Display,32MP Rear Camera | 8MP Front Camera,5000 mAh Battery
117,"Samsung Galaxy M35 5G (Thunder Grey, 128 GB)",4.3,"₹15,238",8 GB RAM | 128 GB ROM,16.76 cm (6.6 inch) Display,50MP Rear Camera,6000 mAh Battery
118,"Samsung Galaxy M35 5G (Moonlight Blue, 128 GB)",4.3,"₹15,233",8 GB RAM | 128 GB ROM,16.76 cm (6.6 inch) Display,50MP Rear Camera,6000 mAh Battery
119,"POCO X7 5G (Yellow, 128 GB)",4.3,"₹16,999",8 GB RAM | 128 GB ROM,16.94 cm (6.67 inch) Display,50MP + 8MP + 2MP | 20MP Front Camera,5500 mAh Battery
120,Kechaoda K115,4.1,₹998,32 MB RAM | 32 MB ROM | Expandable Upto 32 GB,3.66 cm (1.44 inch) QVGA Display,0.3MP + 0MP | 0MP Front Camera,850 mAh Battery
121,Kechaoda K115,4.1,"₹1,020",32 MB RAM | 32 MB ROM | Expandable Upto 32 GB,3.66 cm (1.44 inch) QVGA Display,0.3MP + 0MP | 0MP Front Camera,850 mAh Battery
122,"IQOO Z10X 5G (Ultramarine, 128 GB)",4.4,"₹15,041",8 GB RAM | 128 GB ROM,17.02 cm (6.7 inch) Display,50MP Rear Camera,6500 mAh Battery
123,"OnePlus Nord CE4 lite 5G (SUPER SILVER, 128 GB)",4.4,"₹17,172",8 GB RAM | 128 GB ROM,16.94 cm (6.67 inch) Display,50MP Rear Camera,5500 mAh Battery
124,itel Keypad Mobile | 2.4 inch Display| Type C Charging,4.1,"₹1,069",4 MB RAM | 4 MB ROM,6.1 cm (2.4 inch) Display,0.3MP Rear Camera,1200 mAh Battery
125,"Samsung Galaxy S24 FE 5G (Mint, 128 GB)",4.5,"₹35,999",8 GB RAM | 128 GB ROM,17.02 cm (6.7 inch) Full HD+ Display,50MP + 12MP | 10MP Front Camera,4700 mAh Battery
126,"Samsung Galaxy S24 FE 5G (Mint, 256 GB)",4.5,"₹41,999",8 GB RAM | 256 GB ROM,17.02 cm (6.7 inch) Full HD+ Display,50MP + 12MP | 10MP Front Camera,4700 mAh Battery
127,"Samsung Galaxy S24 FE 5G (Graphite, 128 GB)",4.5,"₹35,999",8 GB RAM | 128 GB ROM,17.02 cm (6.7 inch) Full HD+ Display,50MP + 12MP | 10MP Front Camera,4700 mAh Battery
128,"Motorola g64 5G (Berry Red, 256 GB)",4.2,"₹15,999",12 GB RAM | 256 GB ROM | Expandable Upto 1 TB,16.51 cm (6.5 inch) Full HD+ Display,50MP (OIS) + 8MP | 16MP Front Camera,6000 mAh Battery
129,"REDMI 13 5G (Orchid Pink, 128 GB)",4.3,"₹13,744",8 GB RAM | 128 GB ROM,17.25 cm (6.79 inch) Full HD+ Display,108MP Rear Camera,5030 mAh Battery
130,"realme C63 5G Charger in the Box (Forest Green, 128 GB)",4.5,"₹11,499",8 GB RAM | 128 GB ROM | Expandable Upto 2 TB,16.94 cm (6.67 inch) HD+ Display,32MP Rear Camera | 8MP Front Camera,5000 mAh Battery
131,"POCO X7 5G (Yellow, 128 GB)",4.3,"₹16,999",8 GB RAM | 128 GB ROM,16.94 cm (6.67 inch) Display,50MP + 8MP + 2MP | 20MP Front Camera,5500 mAh Battery
132,"realme C63 5G Charger in the Box (Forest Green, 128 GB)",4.5,"₹10,999",6 GB RAM | 128 GB ROM | Expandable Upto 2 TB,16.94 cm (6.67 inch) HD+ Display,32MP Rear Camera | 8MP Front Camera,5000 mAh Battery
133,"Samsung Galaxy M35 5G (Moonlight Blue, 128 GB)",4.3,"₹15,233",8 GB RAM | 128 GB ROM,16.76 cm (6.6 inch) Display,50MP Rear Camera,6000 mAh Battery
134,"Samsung Galaxy M35 5G (Thunder Grey, 128 GB)",4.3,"₹15,238",8 GB RAM | 128 GB ROM,16.76 cm (6.6 inch) Display,50MP Rear Camera,6000 mAh Battery
135,"IQOO Z10X 5G (Titanium, 128 GB)",4.4,"₹15,478",8 GB RAM | 128 GB ROM,17.02 cm (6.7 inch) Display,50MP Rear Camera,6500 mAh Battery
136,"Samsung Galaxy M35 5G (DayBreak Blue, 256 GB)",4.3,"₹18,808",8 GB RAM | 256 GB ROM,16.76 cm (6.6 inch) Display,50MP Rear Camera,6000 mAh Battery
137,"MOTOROLA Edge 60 Fusion 5G (PANTONE Zephyr, 256 GB)",4.5,"₹24,999",12 GB RAM | 256 GB ROM | Expandable Upto 1 TB,16.94 cm (6.67 inch) Display,50MP + 13MP | 32MP Front Camera,5500 mAh Battery
138,"Samsung Galaxy M35 5G (Moonlight Blue, 256 GB)",4.3,"₹20,475",8 GB RAM | 256 GB ROM,16.76 cm (6.6 inch) Display,50MP Rear Camera,6000 mAh Battery
139,"REDMI 13 5G (Orchid Pink, 128 GB)",4.3,"₹12,001",6 GB RAM | 128 GB ROM,17.25 cm (6.79 inch) Full HD+ Display,108MP Rear Camera,5030 mAh Battery
140,"Samsung Galaxy F06 5G (Bahama Blue, 128 GB)",4.1,"₹9,799",6 GB RAM | 128 GB ROM | Expandable Upto 1500 GB,17.02 cm (6.7 inch) HD+ Display,50MP + 2MP | 8MP Front Camera,5000 mAh Battery
141,"realme C63 5G Charger in the Box (Starry Gold, 128 GB)",4.4,"₹10,999",4 GB RAM | 128 GB ROM | Expandable Upto 2 TB,16.94 cm (6.67 inch) HD+ Display,32MP Rear Camera | 8MP Front Camera,5000 mAh Battery
142,"Motorola Edge 50 Fusion (Forest Green, 256 GB)",4.4,"₹20,999",12 GB RAM | 256 GB ROM,17.02 cm (6.7 inch) Full HD+ Display,50MP + 13MP | 32MP Front Camera,5000 mAh Battery
143,"Apple iPhone 13 (Starlight, 128 GB)",4.6,"₹44,999",128 GB ROM,15.49 cm (6.1 inch) Super Retina XDR Display,12MP + 12MP | 12MP Front Camera,A15 Bionic Chip Processor
144,"Nokia 106 4G Keypad Mobile, Long-Lasting Battery, MicroSD Card Slot",4,"₹2,598",32 MB RAM | 32 MB ROM,4.5 cm (1.77 inch) Display,0MP | 0MP Front Camera,1450 mAh Battery
145,"Infinix Note 50x 5G+ (Sea Breeze Green, 128 GB)",4.3,"₹12,999",8 GB RAM | 128 GB ROM,16.94 cm (6.67 inch) HD+ Display,50MP + AI Lens | 8MP Front Camera,5500 mAh Battery
146,"REDMI A3X (Ocean Green, 64 GB)",4.1,"₹6,499",4 GB RAM | 64 GB ROM | Expandable Upto 1 TB,17.04 cm (6.71 inch) HD+ Display,8MP Rear Camera | 5MP Front Camera,5000 mAh Battery
147,itel it5330 | 2.8 inch Big Display | 1900 mAh Battery | Kingvoice,4.1,"₹1,349",32 MB RAM | 32 MB ROM | Expandable Upto 32 GB,7.11 cm (2.8 inch) Quarter QVGA Display,0.8MP + 0MP | 0MP Front Camera,1900 mAh Battery
148,"Samsung Galaxy M35 5G (DayBreak Blue, 128 GB)",4.3,"₹15,332",8 GB RAM | 128 GB ROM,16.76 cm (6.6 inch) Display,50MP Rear Camera,6000 mAh Battery
149,Kechaoda A27,4,₹898,32 MB RAM | 32 MB ROM | Expandable Upto 16 GB,1.68 cm (0.66 inch) Display,800 mAh Battery,Processor clock: 400 MHz Processor
150,"vivo T3 Pro 5G (Sandstone Orange, 128 GB)",4.5,"₹22,999",8 GB RAM | 128 GB ROM,17.2 cm (6.77 inch) Full HD+ AMOLED Display,50MP + 8MP | 16MP Front Camera,5500 mAh Battery
151,"vivo T3 Pro 5G (Emerald Green, 256 GB)",4.5,"₹24,999",8 GB RAM | 256 GB ROM,17.2 cm (6.77 inch) Full HD+ AMOLED Display,50MP + 8MP | 16MP Front Camera,5500 mAh Battery
152,HOTLINE TURTLE,3.8,₹499,32 MB RAM | 32 MB ROM | Expandable Upto 16 GB,4.57 cm (1.8 inch) NA Display,1.3MP + 0MP | 0MP Front Camera,1100 mAh Battery
153,"vivo T3 Pro 5G (Emerald Green, 128 GB)",4.5,"₹22,999",8 GB RAM | 128 GB ROM,17.2 cm (6.77 inch) Full HD+ AMOLED Display,50MP + 8MP | 16MP Front Camera,5500 mAh Battery
154,"OnePlus Nord CE4 lite 5G (ULTRA ORANGE, 256 GB)",4.4,"₹20,840",8 GB RAM | 256 GB ROM,16.94 cm (6.67 inch) Display,50MP Rear Camera,5500 mAh Battery
155,"IQOO Z10X 5G (Titanium, 256 GB)",4.4,"₹16,699",8 GB RAM | 256 GB ROM,17.02 cm (6.7 inch) Display,50MP Rear Camera,6500 mAh Battery
156,Jio Bharat v3,3.7,₹839,36 MB RAM | 36 MB ROM | Expandable Upto 128 GB,4.5 cm (1.77 inch) QVGA Display,0.3MP Rear Camera | 0MP Front Camera,1000 mAh Battery
157,"realme Narzo N61 (Marble Black, 64 GB)",4.3,"₹7,299",4 GB RAM | 64 GB ROM,17.12 cm (6.74 inch) Display,32MP Rear Camera,5000 mAh Battery
158,"Apple iPhone 13 (Midnight, 128 GB)",4.6,"₹44,999",128 GB ROM,15.49 cm (6.1 inch) Super Retina XDR Display,12MP + 12MP | 12MP Front Camera,A15 Bionic Chip Processor
159,"Samsung Galaxy S24 FE 5G (Blue, 128 GB)",4.5,"₹35,999",8 GB RAM | 128 GB ROM,17.02 cm (6.7 inch) Full HD+ Display,50MP + 12MP | 10MP Front Camera,4700 mAh Battery
160,"Samsung Galaxy S24 FE 5G (Graphite, 256 GB)",4.5,"₹41,999",8 GB RAM | 256 GB ROM,17.02 cm (6.7 inch) Full HD+ Display,50MP + 12MP | 10MP Front Camera,4700 mAh Battery
161,"Samsung Galaxy M35 5G (Moonlight Blue, 256 GB)",4.3,"₹20,475",8 GB RAM | 256 GB ROM,16.76 cm (6.6 inch) Display,50MP Rear Camera,6000 mAh Battery
162,"Samsung Galaxy S24 5G (Marble Gray, 128 GB)",4.6,"₹46,999",8 GB RAM | 128 GB ROM,15.75 cm (6.2 inch) Full HD+ Display,50MP + 10MP + 12MP | 12MP Front Camera,4000 mAh Battery
163,"Motorola g45 5G (Viva Magenta, 128 GB)",4.3,"₹10,999",4 GB RAM | 128 GB ROM | Expandable Upto 1 TB,16.51 cm (6.5 inch) HD+ Display,50MP + 2MP | 16MP Front Camera,5000 mAh Battery
164,itel it2175 Pro | 2 inch Big Display | 1200 mAh Battery | Kingvoice,4.1,₹909,4 MB RAM | 4 MB ROM | Expandable Upto 32 GB,5.08 cm (2 inch) QVGA Display,0.8MP + 0MP,1200 mAh Battery
165,"REDMI A3X (Olive Green, 64 GB)",4.1,"₹5,999",3 GB RAM | 64 GB ROM | Expandable Upto 1 TB,17.04 cm (6.71 inch) HD+ Display,8MP Rear Camera | 5MP Front Camera,5000 mAh Battery
166,"IQOO Z9s 5G (Onyx Green, 128 GB)",4.4,"₹18,366",8 GB RAM | 128 GB ROM,17.2 cm (6.77 inch) Display,50MP Rear Camera,5500 mAh Battery
167,"Tecno Pova 6 Neo 5G (Azure Sky, 256 GB)",4,"₹13,999",8 GB RAM | 256 GB ROM | Expandable Upto 1 TB,16.94 cm (6.67 inch) Display,108MP Rear Camera | 8MP Front Camera,5000 mAh Battery
168,"Tecno Pova 6 Neo 5G (Aurora Cloud, 256 GB)",4,"₹13,999",8 GB RAM | 256 GB ROM | Expandable Upto 1 TB,16.94 cm (6.67 inch) Display,108MP Rear Camera | 8MP Front Camera,5000 mAh Battery
169,"Google Pixel 9A (Porcelain, 256 GB)",4.5,"₹49,999",8 GB RAM | 256 GB ROM,15.96 cm (6.285 inch) Full HD+ Display,48MP + 12MP | 12MP Front Camera,5100 mAh Battery
170,"vivo T3 Pro 5G (Sandstone Orange, 256 GB)",4.5,"₹24,999",8 GB RAM | 256 GB ROM,17.2 cm (6.77 inch) Full HD+ AMOLED Display,50MP + 8MP | 16MP Front Camera,5500 mAh Battery
171,"IQOO Z10X 5G (Ultramarine, 128 GB)",4.4,"₹13,831",6 GB RAM | 128 GB ROM,17.02 cm (6.7 inch) Display,50MP Rear Camera,6500 mAh Battery
172,"Infinix Note 50s 5G+ (Burgundy Red, 256 GB)",4.4,"₹17,999",8 GB RAM | 256 GB ROM,17.22 cm (6.78 inch) Full HD+ Display,64MP + 2MP | 13MP Front Camera,5500 mAh Battery
173,"Infinix Note 50s 5G+ (Marine Drift, 128 GB)",4.4,"₹15,999",8 GB RAM | 128 GB ROM,17.22 cm (6.78 inch) Full HD+ Display,64MP + 2MP | 13MP Front Camera,5500 mAh Battery
174,"Infinix Note 50s 5G+ (Titanium Grey, 256 GB)",4.4,"₹17,999",8 GB RAM | 256 GB ROM,17.22 cm (6.78 inch) Full HD+ Display,64MP + 2MP | 13MP Front Camera,5500 mAh Battery
175,"IQOO Z10X 5G (Ultramarine, 256 GB)",4.4,"₹16,619",8 GB RAM | 256 GB ROM,17.02 cm (6.7 inch) Display,50MP Rear Camera,6500 mAh Battery
176,"realme Narzo N61 (Marble Black, 128 GB)",4.2,"₹9,180",6 GB RAM | 128 GB ROM,17.12 cm (6.74 inch) Display,32MP Rear Camera,5000 mAh Battery
177,"realme Narzo N61 (Voyage Blue, 128 GB)",4.2,"₹9,329",6 GB RAM | 128 GB ROM,17.12 cm (6.74 inch) Display,32MP Rear Camera,5000 mAh Battery
178,"Infinix Note 50x 5G+ (Titanium Grey, 128 GB)",4.3,"₹11,499",6 GB RAM | 128 GB ROM,16.94 cm (6.67 inch) HD+ Display,50MP + AI Lens | 8MP Front Camera,5500 mAh Battery
179,"Infinix Note 50x 5G+ (Enchanted Purple, 128 GB)",4.3,"₹11,499",6 GB RAM | 128 GB ROM,16.94 cm (6.67 inch) HD+ Display,50MP + AI Lens | 8MP Front Camera,5500 mAh Battery
180,"Infinix Note 50x 5G+ (Titanium Grey, 128 GB)",4.3,"₹12,999",8 GB RAM | 128 GB ROM,16.94 cm (6.67 inch) HD+ Display,50MP + AI Lens | 8MP Front Camera,5500 mAh Battery
181,"Infinix Note 50x 5G+ (Sea Breeze Green, 128 GB)",4.3,"₹11,499",6 GB RAM | 128 GB ROM,16.94 cm (6.67 inch) HD+ Display,50MP + AI Lens | 8MP Front Camera,5500 mAh Battery
182,"Infinix Note 50x 5G+ (Enchanted Purple, 128 GB)",4.3,"₹12,999",8 GB RAM | 128 GB ROM,16.94 cm (6.67 inch) HD+ Display,50MP + AI Lens | 8MP Front Camera,5500 mAh Battery
183,"Motorola Edge 50 Neo (PANTONE Poinciana, 256 GB)",4.4,"₹19,999",8 GB RAM | 256 GB ROM,16.26 cm (6.4 inch) Super HD Display,50MP + 13MP + 10MP | 32MP Front Camera,4310 mAh Battery
184,"Samsung Galaxy A35 5G (Awesome Iceblue, 256 GB)",4.3,"₹21,999",8 GB RAM | 256 GB ROM | Expandable Upto 1 TB,16.76 cm (6.6 inch) Full HD+ Display,50MP + 8MP + 5MP | 13MP Front Camera,5000 mAh Battery
185,"MOTOROLA Edge 60 Pro (Pantone Sparkling Grape, 256 GB)",4.4,"₹33,999",12 GB RAM | 256 GB ROM,17.02 cm (6.7 inch) Display,50MP + 50MP + 10MP | 50MP Front Camera,6000 mAh Battery
186,"Samsung Galaxy S24 Ultra 5G (Titanium Gray, 256 GB)",4.6,"₹86,818",12 GB RAM | 256 GB ROM,17.27 cm (6.8 inch) Quad HD+ Display,200MP + 50MP + 12MP + 10MP | 12MP Front Camera,5000 mAh Battery
187,"Apple iPhone 16 (White, 128 GB)",4.6,"₹69,999",128 GB ROM,15.49 cm (6.1 inch) Super Retina XDR Display,48MP + 12MP | 12MP Front Camera,"A18 Chip, 6 Core Processor Processor"
188,Nokia 105 Classic with Charger,3.7,₹999,32 MB RAM | 32 MB ROM,4.5 cm (1.77 inch) Display,0MP Front Camera,800 mAh Battery
189,"CMF by Nothing Phone 2 Pro (Orange, 256 GB)",4.4,"₹20,999",8 GB RAM | 256 GB ROM | Expandable Upto 2 TB,17.2 cm (6.77 inch) Display,50MP + 50MP + 8MP | 16MP Front Camera,5000 mAh Battery
190,"CMF by Nothing Phone 2 Pro (White, 128 GB)",4.4,"₹18,999",8 GB RAM | 128 GB ROM | Expandable Upto 2 TB,17.2 cm (6.77 inch) Display,50MP + 50MP + 8MP | 16MP Front Camera,5000 mAh Battery
191,"CMF by Nothing Phone 2 Pro (Light Green, 256 GB)",4.4,"₹20,999",8 GB RAM | 256 GB ROM | Expandable Upto 2 TB,17.2 cm (6.77 inch) Display,50MP + 50MP + 8MP | 16MP Front Camera,5000 mAh Battery
192,"Infinix SMART 9 HD (Neo Titanium, 64 GB)",4.2,"₹6,699",3 GB RAM | 64 GB ROM | Expandable Upto 1 TB,17.02 cm (6.7 inch) HD+ Display,13MP Rear Camera | 8MP Front Camera,5000 mAh Lithium-ion Polymer Battery
193,"OnePlus Nord CE4 lite 5G (MEGA BLUE, 256 GB)",4.4,"₹21,226",8 GB RAM | 256 GB ROM,16.94 cm (6.67 inch) Display,50MP Rear Camera,5500 mAh Battery
194,"OPPO Reno 12 5G (Matte Brown, 256 GB)",4.4,"₹20,999",8 GB RAM | 256 GB ROM | Expandable Upto 1 TB,17.02 cm (6.7 inch) Full HD+ Display,50MP + 8MP + 2MP | 32MP Front Camera,5000 mAh Battery
195,"Samsung Galaxy S24 Ultra 5G (Titanium Black, 256 GB)",4.6,"₹85,599",12 GB RAM | 256 GB ROM,17.27 cm (6.8 inch) Quad HD+ Display,200MP + 50MP + 12MP + 10MP | 12MP Front Camera,5000 mAh Battery
196,"vivo Y19e (Titanium Silver, 64 GB)",4.3,"₹7,999",4 GB RAM | 64 GB ROM | Expandable Upto 2 TB,17.12 cm (6.74 inch) Display,13MP + 0.08MP | 5MP Front Camera,5500 mAh Battery
197,Kechaoda A26,4,₹930,32 MB RAM | 16 GB ROM | Expandable Upto 32 MB,1.68 cm (0.66 inch) NA Display,0MP | 0MP Front Camera,800 mAh Battery
198,"Apple iPhone 15 (Black, 128 GB)",4.6,"₹64,900",128 GB ROM,15.49 cm (6.1 inch) Super Retina XDR Display,48MP + 12MP | 12MP Front Camera,"A16 Bionic Chip, 6 Core Processor Processor"
199,"CMF by Nothing Phone 2 Pro (Orange, 128 GB)",4.4,"₹18,999",8 GB RAM | 128 GB ROM | Expandable Upto 2 TB,17.2 cm (6.77 inch) Display,50MP + 50MP + 8MP | 16MP Front Camera,5000 mAh Battery
200,KARBONN JioBharat K1 4G,3.7,₹800,20 MB RAM | 20 MB ROM,4.57 cm (1.8 inch) Display,2MP Rear Camera,1000 mAh Battery
201,"CMF by Nothing Phone 2 Pro (Light Green, 128 GB)",4.4,"₹18,999",8 GB RAM | 128 GB ROM | Expandable Upto 2 TB,17.2 cm (6.77 inch) Display,50MP + 50MP + 8MP | 16MP Front Camera,5000 mAh Battery
202,Nokia 105 Classic without Charger,3.9,₹934,32 MB RAM | 32 MB ROM,4.5 cm (1.77 inch) Display,0MP Front Camera,800 mAh Battery
203,"CMF by Nothing Phone 2 Pro (Black, 128 GB)",4.4,"₹18,999",8 GB RAM | 128 GB ROM | Expandable Upto 2 TB,17.2 cm (6.77 inch) Display,50MP + 50MP + 8MP | 16MP Front Camera,5000 mAh Battery
204,Nokia 105 Classic without Charger,3.9,₹999,32 MB RAM | 32 MB ROM,4.5 cm (1.77 inch) Display,0MP Front Camera,800 mAh Battery
205,"Apple iPhone 15 (Blue, 128 GB)",4.6,"₹64,900",128 GB ROM,15.49 cm (6.1 inch) Super Retina XDR Display,48MP + 12MP | 12MP Front Camera,"A16 Bionic Chip, 6 Core Processor Processor"
206,"realme P2 Pro 5G (Parrot Green, 128 GB)",4.4,"₹16,499",8 GB RAM | 128 GB ROM,17.02 cm (6.7 inch) Full HD+ Display,50MP + 8MP | 32MP Front Camera,5200 mAh Battery
207,"Samsung Galaxy S24 Ultra 5G (Titanium Violet, 256 GB)",4.6,"₹85,188",12 GB RAM | 256 GB ROM,17.27 cm (6.8 inch) Quad HD+ Display,200MP + 50MP + 12MP + 10MP | 12MP Front Camera,5000 mAh Battery
208,"REDMI 13 5G (Orchid Pink, 128 GB)",4.3,"₹13,999",8 GB RAM | 128 GB ROM | Expandable Upto 1 TB,17.25 cm (6.79 inch) Full HD+ Display,108MP + 2MP | 13MP Front Camera,5030 mAh Lithium Polymer Battery
209,"Samsung Galaxy F16 5G (Bling Black, 128 GB)",4.2,"₹10,749",4 GB RAM | 128 GB ROM,16.91 cm (6.657 inch) Full HD+ Display,50MP + 5MP + 2MP | 13MP Front Camera,5000 mAh Battery
210,"Tecno Pova 6 Neo 5G (Azure Sky, 128 GB)",4.3,"₹11,999",6 GB RAM | 128 GB ROM | Expandable Upto 1 TB,16.94 cm (6.67 inch) Display,108MP Rear Camera | 8MP Front Camera,5000 mAh Battery
211,"vivo T3 5G (Cosmic Blue, 256 GB)",4.4,"₹18,999",8 GB RAM | 256 GB ROM,16.94 cm (6.67 inch) Full HD+ Display,50MP + 2MP | 16MP Front Camera,5000 mAh Battery
212,"Infinix SMART 9 HD (Mint Green, 64 GB)",4.2,"₹6,699",3 GB RAM | 64 GB ROM | Expandable Upto 1 TB,17.02 cm (6.7 inch) HD+ Display,13MP Rear Camera | 8MP Front Camera,5000 mAh Lithium-ion Polymer Battery
213,itel Ace 3 Shine,4,₹839,4 MB RAM | 4 MB ROM | Expandable Upto 32 GB,4.57 cm (1.8 inch) QVGA Display,1000 mAh Battery,Unisoc Processor
214,itel Ace 3 Shine,4,₹839,4 MB RAM | 4 MB ROM | Expandable Upto 32 GB,4.57 cm (1.8 inch) QVGA Display,1000 mAh Battery,Unisoc Processor
215,"Google Pixel 8a (Porcelain, 128 GB)",4.3,"₹37,999",8 GB RAM | 128 GB ROM,15.49 cm (6.1 inch) Full HD+ Display,64MP + 13MP | 13MP Front Camera,4404 mAh Battery
216,"REDMI A4 5G only on Jio SIM (Sparkle Purple, 64 GB)",4.3,"₹8,899",4 GB RAM | 64 GB ROM,17.48 cm (6.88 inch) Display,50MP Rear Camera,5160 mAh Battery
217,"Apple iPhone 16 (Ultramarine, 256 GB)",4.6,"₹79,999",256 GB ROM,15.49 cm (6.1 inch) Super Retina XDR Display,48MP + 12MP | 12MP Front Camera,"A18 Chip, 6 Core Processor Processor"
218,"Tecno Pova 6 Neo 5G (Aurora Cloud, 128 GB)",4.3,"₹11,999",6 GB RAM | 128 GB ROM | Expandable Upto 1 TB,16.94 cm (6.67 inch) Display,108MP Rear Camera | 8MP Front Camera,5000 mAh Battery
219,"Google Pixel 9A (Iris, 256 GB)",4.5,"₹49,999",8 GB RAM | 256 GB ROM,15.96 cm (6.285 inch) Full HD+ Display,48MP + 12MP | 12MP Front Camera,5100 mAh Battery
220,"Tecno Pova Curve 5G (Magic Silver, 128 GB)",4.4,"₹16,999",8 GB RAM | 128 GB ROM,17.22 cm (6.78 inch) Display,64MP Rear Camera | 13MP Front Camera,5500 mAh Battery
221,HOTLINE Classic V66,3.6,₹549,32 MB RAM | 32 MB ROM,4.57 cm (1.8 inch) Display,0.3MP Rear Camera,1000 mAh Battery
222,"Samsung Galaxy F06 5G (Bahama Blue, 64 GB)",4.1,"₹7,999",4 GB RAM | 64 GB ROM | Expandable Upto 1500 GB,17.02 cm (6.7 inch) HD+ Display,50MP + 2MP | 8MP Front Camera,5000 mAh Battery
223,"OnePlus 13R 5G (Nebula Noir, 256 GB)",4.5,"₹40,490",12 GB RAM | 256 GB ROM,17.22 cm (6.78 inch) Display,50MP Rear Camera,6000 mAh Battery
224,"REDMI A4 5G only on Jio SIM (Starry Black, 128 GB)",4.3,"₹9,460",4 GB RAM | 128 GB ROM,17.48 cm (6.88 inch) Display,50MP Rear Camera,5160 mAh Battery
225,"Nokia 105 Single SIM, Keypad Mobile Phone with Wireless FM Radio",3.9,"₹1,348",32 MB RAM | 32 MB ROM,4.5 cm (1.77 inch) QVGA Display,0MP Front Camera,800 mAh Lithium Ion Battery
226,itel it2165s,4.1,₹879,4 MB RAM | 4 MB ROM | Expandable Upto 32 GB,5.08 cm (2 inch) QVGA Display,0.3MP Rear Camera,1200 mAh Battery
227,"Samsung Galaxy M35 5G (Thunder Grey, 256 GB)",4.3,"₹18,890",8 GB RAM | 256 GB ROM,16.76 cm (6.6 inch) Display,50MP Rear Camera,6000 mAh Battery
228,"Apple iPhone 16 Pro (Black Titanium, 128 GB)",4.7,"₹1,09,900",128 GB ROM,16.0 cm (6.3 inch) Super Retina XDR Display,48MP + 48MP + 12MP | 12MP Front Camera,"A18 Pro Chip, 6 Core Processor Processor"
229,"vivo T3 5G (Cosmic Blue, 128 GB)",4.4,"₹17,499",8 GB RAM | 128 GB ROM,16.94 cm (6.67 inch) Full HD+ Display,50MP + 2MP | 16MP Front Camera,5000 mAh Battery
230,"vivo T3 5G (Crystal Flake, 128 GB)",4.4,"₹17,499",8 GB RAM | 128 GB ROM,16.94 cm (6.67 inch) Full HD+ Display,50MP + 2MP | 16MP Front Camera,5000 mAh Battery
231,"vivo T3 5G (Crystal Flake, 256 GB)",4.4,"₹18,999",8 GB RAM | 256 GB ROM,16.94 cm (6.67 inch) Full HD+ Display,50MP + 2MP | 16MP Front Camera,5000 mAh Battery
232,"Apple iPhone 16 (Ultramarine, 128 GB)",4.6,"₹69,999",128 GB ROM,15.49 cm (6.1 inch) Super Retina XDR Display,48MP + 12MP | 12MP Front Camera,"A18 Chip, 6 Core Processor Processor"
233,"CMF by Nothing Phone 2 Pro (White, 256 GB)",4.4,"₹20,999",8 GB RAM | 256 GB ROM | Expandable Upto 2 TB,17.2 cm (6.77 inch) Display,50MP + 50MP + 8MP | 16MP Front Camera,5000 mAh Battery
234,"CMF by Nothing Phone 2 Pro (Black, 256 GB)",4.4,"₹20,999",8 GB RAM | 256 GB ROM | Expandable Upto 2 TB,17.2 cm (6.77 inch) Display,50MP + 50MP + 8MP | 16MP Front Camera,5000 mAh Battery
235,"OnePlus 13R 5G (Nebula Noir, 512 GB)",4.5,"₹42,745",16 GB RAM | 512 GB ROM,17.22 cm (6.78 inch) Display,50MP Rear Camera,6000 mAh Battery
236,"OnePlus 13R 5G (Astral Trail, 512 GB)",4.5,"₹42,888",16 GB RAM | 512 GB ROM,17.22 cm (6.78 inch) Display,50MP Rear Camera,6000 mAh Battery
237,"POCO C75 5G (Aqua Bliss, 128 GB)",4.3,"₹8,499",4 GB RAM | 128 GB ROM | Expandable Upto 1 TB,17.48 cm (6.88 inch) HD+ Display,50MP Rear Camera | 5MP Front Camera,5160 mAh Battery
238,"POCO M7 Pro 5G (Lavender Frost, 128 GB)",4.3,"₹12,999",6 GB RAM | 128 GB ROM,16.94 cm (6.67 inch) Full HD+ Display,50MP + 2MP | 20MP Front Camera,5110 mAh Battery
239,"realme P2 Pro 5G (Parrot Green, 256 GB)",4.4,"₹18,750",12 GB RAM | 256 GB ROM,17.02 cm (6.7 inch) Full HD+ Display,50MP + 8MP | 32MP Front Camera,5200 mAh Battery
